,Cities,Cloudiness,Country,Date,Humidity,Max Temp,Wind Speed,Latitude,Longitude
0,hobart,20,AU,1571641843,63,291.48,6.2,-42.88,147.33
1,san patricio,99,PY,1571641985,99,289.614,1.98,-26.98,-56.83
2,blythe,1,US,1571642217,10,295.15,4.6,33.61,-114.59
3,saldanha,0,PT,1571641858,91,279.524,0.76,41.42,-6.55
4,aksarka,2,RU,1571642218,74,269.474,1.13,66.56,67.8
5,hasaki,75,JP,1571642218,77,291.15,5.7,35.73,140.83
6,busselton,0,AU,1571641928,40,299.82,5.22,-33.64,115.35
7,thompson,20,CA,1571642219,92,272.15,2.6,55.74,-97.86
8,ribeira grande,40,PT,1571642219,63,291.15,4.1,38.52,-28.7
9,taolanaro,21,PF,1571642220,77,299.444,6.43,-9.8,-139.03
10,atuona,5,CA,1571642220,100,283.71,3.6,43.26,-79.87
11,hamilton,75,RU,1571641868,76,284.15,6.0,59.7,30.79
12,nikolskoye,4,NA,1571642221,82,292.04,3.13,-22.12,14.28
13,henties bay,94,PF,1571641843,75,294.614,8.02,-23.12,-134.97
14,rikitea,100,RU,1571641872,94,261.564,4.7,71.97,114.09
15,saskylakh,100,IN,1571641914,73,302.364,4.33,11.67,92.75
16,port blair,100,RU,1571641857,91,266.424,6.88,71.98,102.47
17,khatanga,69,AU,1571641852,14,301.044,2.06,-33.21,138.6
18,jamestown,95,NZ,1571641840,92,279.82,2.24,-46.19,168.86
19,mataura,18,RU,1571641896,98,256.574,0.42,68.75,161.3
20,cherskiy,100,AR,1571641863,47,284.884,7.04,-46.43,-67.52
21,mar del plata,75,CA,1571641993,100,271.15,1.0,60.82,-115.79
22,hay river,90,US,1571641850,83,300.15,1.5,22.08,-159.32
23,kapaa,100,NZ,1571641861,62,281.48,3.58,-46.28,169.85
24,kaitangata,100,RU,1571642223,98,275.664,2.52,62.59,40.61
25,puksoozero,44,RU,1571642223,96,261.444,1.14,61.13,149.63
26,ust-omchug,75,VU,1571641962,83,301.15,3.1,-15.51,167.18
27,luganville,19,EC,1571641847,87,293.15,2.24,-0.74,-90.35
28,barentsburg,89,BS,1571642224,81,300.694,4.86,24.9,-76.2
29,puerto ayora,90,US,1571641846,93,281.15,1.5,42.65,-73.75
30,rock sound,75,MY,1571642225,63,307.15,2.1,1.56,110.34
31,albany,5,BH,1571642225,59,306.15,2.1,26.15,50.62
32,kuching,93,NZ,1571641886,90,277.494,3.45,-45.41,167.72
33,sitrah,82,RU,1571642225,88,272.254,2.51,62.1,126.7
34,te anau,90,FR,1571641890,100,283.71,2.6,45.6,-0.6
35,berdigestyakh,99,BR,1571641869,72,294.344,5.61,-22.97,-42.02
36,souillac,75,NO,1571641841,59,276.15,7.2,71.03,27.85
37,arraial do cabo,60,NA,1571642226,17,299.524,7.21,-17.88,15.07
38,mehamn,0,CA,1571641892,87,264.204,6.62,69.44,-133.03
39,ongandjera,0,AR,1571642227,46,285.15,7.2,-39.03,-67.58
40,tuktoyaktuk,0,AU,1571641884,44,298.15,1.34,-35.12,139.28
41,general roca,78,VN,1571642227,55,302.764,3.68,13.08,109.3
42,murray bridge,75,MU,1571641997,74,299.15,7.2,-20.01,57.66
43,tuy hoa,0,GL,1571641873,47,256.594,5.06,77.48,-69.36
44,grand gaube,75,US,1571642228,69,301.15,3.1,21.35,-158.09
45,qaanaaq,99,RU,1571642228,92,269.444,1.18,66.69,34.34
46,makakilo city,94,RU,1571641847,81,270.134,7.23,73.51,80.55
47,umba,89,PF,1571641948,74,300.274,2.49,-16.48,-151.75
48,dikson,100,GL,1571641910,63,276.844,2.72,60.14,-45.24
49,faanui,40,AU,1571642229,16,313.15,2.6,-15.77,128.74
50,nanortalik,0,AR,1571641930,95,270.304,2.07,-54.81,-68.31
51,grand river south east,90,RU,1571641848,91,273.15,8.0,64.42,-173.23
52,kununurra,91,BR,1571641936,78,291.504,1.41,-21.64,-41.05
53,ushuaia,100,BR,1571642230,81,296.924,3.2,-3.28,-39.27
54,provideniya,4,ET,1571641940,64,289.004,1.34,8.96,38.73
55,sao joao da barra,99,RU,1571641903,86,263.024,5.57,66.32,-179.17
56,trairi,75,BR,1571642231,94,295.15,2.54,-7.13,-34.94
57,lebu,0,AU,1571642231,16,299.15,4.6,-31.97,141.45
58,egvekinot,100,BR,1571641907,73,289.184,2.63,-30.17,-50.22
59,bayeux,40,CO,1571642231,88,299.15,1.5,10.98,-74.8
60,broken hill,90,NO,1571641896,85,263.15,2.1,78.22,15.63
61,cidreira,100,AU,1571642232,43,304.15,7.7,-12.18,136.78
62,barranquilla,0,PH,1571642232,69,302.064,2.27,16.13,119.78
63,basyanovskiy,0,RU,1571642233,92,262.15,1.0,65.95,111.51
64,longyearbyen,0,CL,1571641837,87,276.15,4.1,-53.16,-70.91
65,nhulunbuy,9,MX,1571641892,83,298.71,0.45,22.89,-109.91
66,aloleng,75,IE,1571642233,81,282.59,1.0,54.11,-9.15
67,aykhal,100,GN,1571642234,96,294.344,0.39,10.08,-12.83
68,mys shmidta,94,PG,1571641980,74,301.724,3.46,-2.57,150.8
69,punta arenas,90,US,1571642234,59,276.48,6.2,43.97,-111.68
70,cabo san lucas,40,US,1571642235,57,300.15,3.6,20.89,-156.47
71,ballina,20,CR,1571642235,94,294.82,1.5,9.86,-83.92
72,galle,75,BR,1571642236,83,296.15,3.1,-5.2,-35.46
73,mendahara,0,MG,1571642236,22,304.084,0.45,-25.17,45.06
74,kavieng,52,GL,1571641860,61,265.15,1.0,69.22,-51.1
75,saint anthony,75,CA,1571641993,92,270.15,2.1,50.2,-66.38
76,kahului,69,MX,1571641876,96,293.124,1.12,16.38,-93.6
77,cartago,75,US,1571642237,83,296.15,5.1,33.77,-89.81
78,olafsvik,33,GL,1571641859,72,264.744,3.16,72.79,-56.15
79,touros,90,US,1571641861,93,287.04,4.1,39.31,-74.98
80,beloha,1,US,1571641975,88,301.48,4.1,30.04,-94.42
81,ilulissat,69,RU,1571641894,90,256.894,2.94,71.64,128.87
82,sept-iles,40,ZA,1571641866,68,292.15,6.7,-33.02,27.91
83,champerico,20,BR,1571642238,73,297.264,1.47,-7.23,-44.56
84,grenada,90,ES,1571642239,100,283.15,1.0,42.77,-9.06
85,upernavik,81,MV,1571642239,79,300.414,5.07,0.53,72.93
86,illoqqortoormiut,90,FR,1571642239,93,284.26,8.2,48.95,4.24
87,port elizabeth,21,RU,1571642240,91,259.804,1.34,66.77,123.37
88,nome,15,CL,1571642240,85,288.134,3.71,-22.09,-70.2
89,tiksi,20,AU,1571641856,63,291.48,6.2,-42.78,147.06
90,east london,100,EC,1571642240,84,293.334,5.97,-0.9,-89.6
91,urucui,88,CO,1571642241,93,295.564,1.46,9.7,-73.28
92,umzimvubu,86,CD,1571642241,82,295.974,1.33,-9.2,25.85
93,muros,75,CA,1571641841,100,280.37,0.8,45.36,-73.48
94,thinadhoo,69,MX,1571642241,93,297.59,1.85,15.74,-96.47
95,saint-pierre,71,RU,1571642242,91,284.204,5.36,55.6,44.54
96,zhigansk,93,ZA,1571641964,76,286.744,11.45,-34.0,24.73
97,tocopilla,20,US,1571642242,79,273.71,1.07,64.84,-147.72
98,new norfolk,20,CA,1571642242,92,271.15,2.08,50.23,-63.6
99,puerto baquerizo moreno,20,PT,1571642243,81,284.26,2.1,37.14,-8.45
100,becerril,0,KZ,1571642243,68,286.774,7.36,44.51,50.26
101,bukama,90,US,1571642243,87,285.37,5.1,41.7,-71.42
102,saint-philippe,75,MX,1571641881,88,300.15,2.1,16.99,-99.26
103,pochutla,65,CA,1571642244,96,271.194,2.38,54.77,-101.88
104,perevoz,75,ES,1571642244,63,292.15,4.1,28.66,-17.92
105,kruisfontein,0,LY,1571641872,64,295.284,4.13,29.03,21.55
106,fairbanks,95,RU,1571642244,57,267.384,0.61,61.92,159.24
107,havre-saint-pierre,20,US,1571641842,74,299.15,1.5,19.71,-155.08
108,lagoa,14,KI,1571641894,71,302.644,5.34,3.07,172.79
109,fort-shevchenko,46,BJ,1571642245,97,294.824,0.51,7.36,2.6
110,warwick,40,CL,1571641854,100,276.15,1.0,-42.48,-73.76
111,tecoanapa,100,MX,1571642246,96,287.664,1.64,21.85,-102.72
112,flin flon,90,FR,1571642246,67,288.15,3.1,42.7,2.88
113,los llanos de aridane,63,MX,1571642246,92,296.624,1.11,20.03,-96.65
114,jalu,75,LK,1571641976,79,304.15,4.6,6.12,81.12
115,evensk,0,GL,1571641882,73,270.15,2.1,65.61,-37.64
116,hilo,0,MK,1571641891,82,287.15,1.5,41.28,20.71
117,nizhneyansk,40,PF,1571641882,88,297.15,4.1,-17.73,-149.15
118,butaritari,97,RU,1571641944,72,270.904,5.95,69.7,170.27
119,ketou,40,JP,1571642248,62,287.15,2.6,44.35,143.35
120,castro,98,PH,1571641915,80,301.524,4.42,11.0,122.67
121,calvillo,9,MX,1571642248,87,298.71,0.45,23.45,-110.23
122,perpignan,20,JP,1571641930,59,289.15,3.1,43.32,145.57
123,vega de alatorre,27,YE,1571642249,28,296.144,2.38,14.4,46.47
124,hambantota,0,RU,1571642249,46,273.15,1.0,51.23,58.47
125,tasiilaq,100,ZA,1571641852,60,289.82,2.68,-34.42,19.24
126,poum,0,SN,1571642249,94,297.15,4.6,14.69,-16.54
127,tautira,42,AU,1571641853,33,300.944,7.07,-23.58,149.07
128,pevek,100,UY,1571641891,79,287.244,3.89,-33.69,-53.46
129,mergui,32,CA,1571641881,95,284.82,0.45,43.74,-81.71
130,mombetsu,100,IN,1571641940,61,302.094,4.58,21.64,69.61
131,dingle,0,PT,1571642251,93,288.15,0.5,40.43,-8.74
132,todos santos,76,RU,1571642251,64,283.374,2.91,50.14,48.57
133,nemuro,77,ZA,1571641850,51,289.82,7.2,-34.53,20.04
134,marzuq,40,AU,1571641960,72,292.15,6.2,-33.86,121.89
135,orsk,40,ZA,1571641898,59,292.04,3.1,-33.93,18.42
136,hermanus,75,IN,1571641846,78,298.15,3.1,15.34,74.49
137,gat,6,RU,1571641851,70,278.704,5.5,50.68,156.12
138,bluff,0,AU,1571642252,6,307.15,5.7,-20.73,139.49
139,chuy,5,CA,1571641854,85,267.59,2.1,62.45,-114.38
140,attawapiskat,100,NZ,1571641848,92,279.82,2.24,-46.13,167.69
141,goderich,75,US,1571641933,93,286.15,3.1,39.95,-94.76
142,porbandar,100,IN,1571642253,67,302.224,1.93,18.93,84.6
143,mira,1,US,1571642254,87,288.15,2.1,37.46,-122.43
144,aleksandrov gay,0,AU,1571642254,6,303.15,6.2,-23.7,133.88
145,bredasdorp,100,RU,1571642255,95,269.204,5.49,67.47,86.57
146,esperance,31,GF,1571641998,79,300.414,4.75,5.38,-52.96
147,cape town,1,CN,1571642255,24,287.704,2.51,38.41,112.73
148,belushya guba,90,US,1571642255,100,272.15,3.1,60.79,-161.76
149,vaini,90,NZ,1571642256,76,284.82,5.1,-43.53,172.64
150,severo-kurilsk,55,MX,1571642256,90,297.244,1.3,15.86,-97.07
151,mount isa,83,ZA,1571641845,74,291.48,4.92,-33.59,26.89
152,yellowknife,83,AR,1571642257,28,289.774,8.35,-43.3,-65.11
153,tuatapere,75,US,1571642257,82,291.15,3.6,34.85,-82.4
154,kodiak,33,CA,1571642257,95,280.37,4.31,44.18,-81.63
155,sompeta,68,PG,1571642258,84,299.254,6.43,-7.96,145.78
156,naftah,75,BR,1571641846,69,300.15,5.7,-3.71,-38.6
157,tawzar,40,ZA,1571642258,51,292.04,7.7,-33.57,18.5
158,half moon bay,92,CA,1571642258,93,283.71,3.97,48.94,-125.55
159,alice springs,75,TH,1571642259,78,301.15,4.1,8.45,98.53
160,igarka,40,CL,1571641846,100,276.15,1.0,-41.87,-73.83
161,sinnamary,56,BR,1571642259,67,297.934,0.7,-14.4,-56.44
162,xinzhou,69,ID,1571642259,49,304.574,2.78,-8.61,120.46
163,bethel,1,KZ,1571642260,70,267.974,6.37,50.63,81.92
164,phan rang,61,RU,1571642260,97,259.074,2.04,70.0,135.55
165,christchurch,20,IN,1571642260,39,303.15,4.6,28.58,77.04
166,puerto escondido,100,RU,1571642261,87,270.224,3.29,62.16,117.65
167,port alfred,100,BR,1571641976,95,294.664,0.39,-9.87,-56.08
168,rawson,82,ZA,1571642003,81,294.714,5.93,-28.77,32.06
169,skovde,0,GB,1571642261,90,274.26,1.26,55.61,-4.28
170,greenville,40,AU,1571642262,8,312.15,5.7,-14.47,132.26
171,kincardine,95,RU,1571641885,99,255.924,1.06,70.62,147.9
172,kerema,0,OM,1571642262,35,305.15,6.2,17.01,54.1
173,vila velha,18,NU,1571642262,94,297.15,0.5,-19.06,-169.92
174,atlantis,0,KZ,1571642263,65,268.774,1.6,51.62,73.1
175,ucluelet,38,MY,1571642263,50,307.964,0.58,2.02,112.94
176,phangnga,20,US,1571642263,79,273.71,1.07,64.86,-147.8
177,ancud,83,CA,1571642263,87,279.26,5.81,48.65,-53.11
178,diamantino,61,ID,1571642264,23,306.374,2.85,-6.76,108.42
179,ruteng,1,US,1571641864,93,283.15,1.52,39.9,-79.72
180,shemonaikha,0,BZ,1571642264,94,299.15,0.99,16.17,-88.94
181,ust-kuyga,100,RU,1571642265,87,272.414,2.94,63.9,122.77
182,dwarka,5,ZW,1571642265,24,302.424,3.95,-17.36,30.19
183,tsihombe,29,RU,1571642265,54,283.054,4.32,46.45,135.83
184,suntar,75,GB,1571642265,87,282.59,3.1,53.7,-2.47
185,alta floresta,20,TH,1571642266,49,308.71,3.1,18.53,98.94
186,richards bay,43,TM,1571642266,42,289.004,0.63,38.44,57.43
187,darvel,65,RU,1571641888,91,266.364,6.14,68.05,39.51
188,katherine,89,PF,1571642266,74,300.274,2.49,-16.52,-151.75
189,chokurdakh,100,BR,1571642267,87,289.26,0.89,-30.26,-50.51
190,salalah,99,CF,1571642267,94,295.424,0.36,6.54,21.99
191,alofi,2,NA,1571641866,74,288.014,10.82,-26.65,15.16
192,ereymentau,100,BR,1571642268,81,300.394,5.16,-0.61,-47.36
193,kapit,33,RU,1571641867,99,257.434,0.86,69.3,139.9
194,college,0,AU,1571642268,26,297.04,4.1,-35.55,138.62
195,bonavista,0,MR,1571641993,33,298.574,3.54,20.52,-13.05
196,balad,68,SO,1571642268,61,299.204,2.74,8.41,48.48
197,uniontown,3,RU,1571642269,68,285.604,3.24,47.78,44.52
198,laguna,90,US,1571642269,93,286.48,1.5,43.37,-124.22
199,kysyl-syr,100,IS,1571642270,99,275.454,1.96,64.25,-15.21
200,chinhoyi,75,NO,1571641860,100,279.26,5.7,63.83,10.7
201,vostok,64,BR,1571641857,90,293.064,0.9,-20.63,-46.0
202,darwen,75,MU,1571641932,78,298.15,8.2,-20.41,57.7
203,pa sang,75,NO,1571642271,63,271.15,1.5,66.4,14.52
204,baherden,75,GB,1571641949,87,285.37,4.1,52.47,1.45
205,ostrovnoy,44,MX,1571642271,86,297.04,0.89,25.34,-108.26
206,vaitape,0,RO,1571642271,54,291.48,0.89,43.97,25.33
207,palmares do sul,90,US,1571642272,87,283.15,6.7,43.62,-95.6
208,bria,75,JP,1571642272,73,294.15,6.7,33.22,132.57
209,luderitz,75,MU,1571641863,78,298.15,8.2,-20.34,57.76
210,salinopolis,0,CN,1571642272,29,283.684,2.77,44.39,131.16
211,deputatskiy,74,AU,1571642273,24,310.074,8.55,-20.74,116.85
212,victor harbor,75,CA,1571641973,86,272.15,9.3,63.75,-68.52
213,atar,1,RU,1571641898,89,272.604,1.71,60.42,134.54
214,garowe,2,RU,1571642273,69,274.15,1.0,53.19,158.38
215,sadovoye,97,BI,1571642273,80,288.604,1.92,-3.48,29.48
216,coos bay,5,AU,1571641979,38,296.15,7.2,-28.95,153.24
217,hofn,75,CA,1571642087,80,279.26,8.7,47.66,-52.73
218,hovd,20,JP,1571642274,78,301.15,4.6,26.18,127.67
219,ponta do sol,40,PT,1571642274,72,292.15,6.2,33.08,-16.33
220,mahebourg,0,PE,1571642275,70,281.604,0.99,-17.17,-70.89
221,podujevo,100,GN,1571642275,92,294.544,1.57,10.38,-9.3
222,storforshei,0,CN,1571641947,15,288.644,1.21,42.84,93.51
223,broome,0,ET,1571642276,82,296.324,1.28,10.07,34.53
224,nacozari,87,ID,1571642276,73,301.174,2.11,5.56,95.32
225,alexandria,0,RU,1571642276,66,276.944,4.56,51.5,156.52
226,worthington,92,ML,1571642276,26,303.164,1.88,20.2,1.01
227,uwajima,75,BN,1571642277,59,307.04,3.1,4.75,115.01
228,bambous virieux,20,CA,1571642277,78,263.15,3.1,68.22,-135.01
229,suifenhe,100,RU,1571641998,79,270.284,3.1,52.47,96.11
230,karratha,40,SA,1571642278,63,307.15,5.1,17.15,42.62
231,iqaluit,99,RU,1571641897,96,269.564,2.2,65.58,-170.99
232,ust-maya,20,VU,1571641951,65,301.15,3.1,-19.55,169.27
233,yelizovo,51,CV,1571641985,87,298.254,10.65,14.9,-24.5
234,matara,40,BR,1571642278,89,289.364,0.86,-22.44,-46.35
235,codrington,45,TL,1571641869,40,304.914,1.07,-8.93,125.41
236,torbay,75,BN,1571641884,59,307.15,2.1,5.28,115.24
237,tomigusuku,75,CA,1571641842,100,272.15,1.0,49.72,-86.95
238,camacha,100,AR,1571641867,63,284.814,3.88,-38.31,-60.23
239,haibowan,98,RU,1571642280,93,279.544,3.58,59.53,45.45
240,tucuman,7,RU,1571641890,89,270.334,1.64,62.22,135.8
241,kankan,0,AO,1571642280,73,296.15,2.25,-15.19,12.15
242,hami,14,PE,1571642280,90,289.474,7.56,-11.1,-77.61
243,asosa,1,AU,1571642281,67,290.15,4.6,-37.83,140.78
244,banda aceh,26,NZ,1571642281,75,283.71,3.13,-39.94,176.59
245,ozernovskiy,1,CK,1571641878,88,297.15,3.6,-21.21,-159.78
246,tessalit,0,SA,1571641937,19,296.15,5.1,18.22,42.5
247,limbang,66,GL,1571642282,18,282.15,8.2,60.91,-46.05
248,aklavik,0,ZA,1571642282,13,298.914,4.66,-26.15,26.16
249,toora-khem,20,AI,1571642282,78,300.37,4.6,18.22,-63.06
250,karauzyak,0,RU,1571642283,36,289.654,3.16,42.9,133.91
251,sabya,100,RU,1571642283,88,261.574,4.4,50.38,90.44
252,lavrentiya,75,CA,1571642283,100,280.15,2.6,54.32,-130.32
253,isangel,100,MX,1571642082,77,290.93,2.24,23.99,-104.67
254,sao filipe,90,US,1571642284,73,298.15,9.3,30.3,-99.24
255,bueno brandao,100,MX,1571642284,89,287.304,2.5,17.67,-96.13
256,airai,40,GR,1571641906,100,291.15,0.69,39.45,22.34
257,victoria,1,US,1571642285,22,275.15,3.54,36.82,-107.99
258,geraldton,4,SO,1571642285,64,300.164,5.39,11.47,49.87
259,gazni,0,TR,1571642285,71,287.59,2.01,39.92,32.85
260,barrow,69,BR,1571642286,95,295.964,0.9,-3.77,-49.67
261,nikolsk,75,IS,1571642286,87,279.15,5.7,63.84,-22.43
262,dzhebariki-khaya,0,NZ,1571642286,82,287.04,4.27,-35.1,173.78
263,namibe,100,RU,1571641992,94,275.264,1.17,54.72,135.31
264,hualmay,75,BE,1571642287,81,285.93,7.2,50.34,4.87
265,mount gambier,100,UY,1571641938,92,286.48,2.68,-33.25,-58.03
266,waipawa,40,IN,1571642288,70,304.15,5.1,17.65,83.27
267,avarua,0,MX,1571642288,83,292.874,4.26,27.97,-114.04
268,bengkulu,0,LS,1571642288,17,291.204,4.56,-30.4,27.7
269,abha,0,RU,1571642289,92,262.15,1.0,66.42,112.4
270,narsaq,75,NO,1571642289,93,280.15,2.1,59.36,5.22
271,lichtenburg,94,IN,1571642289,88,298.104,1.76,18.65,79.67
272,the valley,90,RU,1571641847,92,267.15,4.0,64.73,177.51
273,preobrazheniye,75,CL,1571642290,100,279.15,3.1,-39.28,-72.23
274,mugur-aksy,20,CA,1571642290,85,269.15,2.1,60.72,-135.06
275,prince rupert,46,BR,1571642290,84,294.554,3.15,-17.37,-44.96
276,constitucion,90,SE,1571642290,93,277.59,2.6,59.65,12.59
277,harper,92,ID,1571641894,87,299.094,7.18,-0.92,100.36
278,ayotzintepec,1,US,1571642291,44,283.15,8.7,38.36,-98.78
279,warqla,66,PH,1571642291,78,299.564,2.07,7.69,126.55
280,saint george,90,FI,1571642291,100,274.82,3.6,62.6,29.76
281,aztec,84,TD,1571642292,57,301.234,4.83,13.0,15.73
282,qandala,11,PT,1571642292,86,284.26,3.77,37.31,-8.8
283,ankara,90,CA,1571642292,100,274.15,1.0,58.81,-122.69
284,tucurui,90,GF,1571642293,100,296.15,1.0,5.16,-52.64
285,grindavik,0,AU,1571642293,52,292.15,8.2,-41.43,147.14
286,kaeo,98,GH,1571641895,93,296.974,1.12,4.89,-1.75
287,cumaribo,100,BR,1571642293,99,294.724,1.1,-3.38,-68.87
288,chumikan,1,US,1571642294,79,273.15,3.1,46.41,-105.84
289,hun,0,SA,1571641948,19,296.15,5.1,18.39,42.45
290,mercedes,100,EE,1571642294,88,282.264,6.04,59.1,26.19
291,yarada,1,US,1571641851,31,293.15,3.1,34.64,-120.46
292,guerrero negro,100,CN,1571642295,78,291.304,1.44,29.34,104.78
293,quthing,35,MG,1571642295,76,299.004,2.21,-20.3,44.28
294,manzil tamim,93,ZA,1571642295,93,288.134,7.24,-28.55,16.43
295,udachnyy,75,ES,1571642296,81,285.93,4.1,43.44,-3.46
296,visnes,99,MX,1571642296,90,299.454,2.04,20.22,-96.78
297,manthani,75,DE,1571642296,93,287.59,1.5,50.73,6.56
298,anadyr,39,AF,1571642296,27,285.684,2.55,35.6,68.92
299,villarrica,95,NG,1571641977,95,293.664,1.0,9.67,8.4
300,whitehorse,98,ML,1571642297,44,303.374,5.15,16.28,-0.04
301,buritizeiro,100,RU,1571642298,98,282.934,2.76,57.3,47.21
302,arvika,90,IN,1571642298,33,302.754,0.53,25.66,78.46
303,padang,100,ID,1571642298,71,301.724,1.62,3.1,98.49
304,great bend,0,PT,1571642298,93,285.37,1.5,39.36,-9.38
305,kinablangan,33,AR,1571642299,88,286.48,2.19,-31.62,-60.7
306,joensuu,75,NO,1571642299,93,280.37,2.6,59.79,5.78
307,massakory,0,PK,1571642300,30,293.934,1.31,34.33,73.2
308,aljezur,0,DZ,1571642300,30,293.15,3.1,27.87,-0.29
309,dzhusaly,90,FR,1571642300,87,285.37,3.1,42.97,1.61
310,fort nelson,1,RU,1571642300,88,266.834,3.42,66.04,60.13
311,kourou,75,JP,1571641908,82,294.26,9.3,34.7,138.93
312,launceston,40,BR,1571641899,78,298.15,2.1,-5.81,-35.21
313,takoradi,90,NO,1571642301,64,275.15,7.2,70.98,25.97
314,sao paulo de olivenca,1,US,1571642301,19,276.15,2.1,38.83,-104.83
315,miles city,9,SN,1571642302,94,299.15,4.6,14.69,-17.45
316,faya,90,US,1571642302,100,280.93,2.01,45.06,-83.43
317,vao,0,AU,1571642302,52,296.15,6.2,-33.85,151.22
318,lompoc,0,AU,1571642302,28,299.26,2.24,-36.31,145.05
319,zigong,40,LR,1571642303,94,298.15,0.71,6.33,-10.8
320,morondava,1,US,1571642303,26,294.82,5.7,31.46,-100.44
321,oranjemund,20,HN,1571641872,88,300.15,1.44,15.09,-87.97
322,santona,0,CN,1571642303,17,287.114,5.8,42.27,118.96
323,nautla,0,BR,1571642304,88,298.15,1.0,-10.7,-48.41
324,soller,100,BO,1571642304,88,296.034,0.77,-10.82,-65.36
325,turkan,40,NO,1571641991,65,279.15,3.1,67.67,12.69
326,matagami,30,PG,1571641978,70,302.854,4.89,-2.67,141.3
327,palabuhanratu,67,CA,1571642082,47,265.874,1.19,66.15,-65.72
328,gao,0,ZA,1571641934,49,286.824,8.6,-30.97,22.13
329,kiknur,75,FR,1571642305,82,291.15,3.6,43.83,5.04
330,datia,48,MX,1571642305,62,295.93,0.98,25.89,-103.62
331,kabanjahe,75,BR,1571642306,98,292.544,0.21,-15.56,-39.3
332,peniche,64,CO,1571642306,94,289.134,0.36,1.63,-77.46
333,santa fe,93,CM,1571642306,97,293.404,0.93,4.5,12.12
334,gravdal,45,PH,1571641915,68,302.414,2.97,17.54,120.52
335,mansehra,75,MY,1571641852,83,302.15,2.1,5.4,100.37
336,adrar,0,MA,1571642307,84,291.184,5.8,29.7,-9.73
337,foix,97,PA,1571642308,80,299.604,2.93,9.23,-78.02
338,inta,91,UG,1571642308,87,292.694,0.56,-0.78,29.75
339,shimoda,100,CF,1571641952,90,295.894,2.96,10.3,22.78
340,natal,0,AU,1571641947,45,294.26,5.1,-34.58,150.85
341,honningsvag,69,PR,1571642308,91,298.71,0.45,18.09,-67.15
342,colorado springs,86,PE,1571642309,89,282.154,1.95,-10.95,-75.23
343,dakar,56,TZ,1571641869,57,297.264,3.18,-3.17,33.8
344,alpena,75,RU,1571641973,69,274.15,6.0,53.14,59.15
345,sydney,84,GA,1571642309,93,294.214,2.01,-1.58,14.26
346,kyabram,0,NA,1571642310,77,292.04,2.1,-22.95,14.51
347,monrovia,2,KE,1571642310,80,300.264,5.21,-2.53,40.53
348,san angelo,0,RU,1571642310,34,290.174,3.31,42.73,133.08
349,amapa,40,GY,1571641840,100,297.15,2.1,6.8,-58.16
350,chifeng,90,CA,1571642311,61,283.15,1.42,48.61,-93.4
351,porto nacional,96,ID,1571642311,72,299.494,1.61,-0.69,100.95
352,guayaramerin,0,TM,1571642311,17,295.15,4.1,38.78,63.88
353,sorland,73,EG,1571642312,66,298.584,1.67,31.42,31.81
354,vanimo,0,IN,1571641974,46,276.734,4.01,30.78,78.62
355,pangnirtung,94,LA,1571642312,52,303.474,1.6,18.39,103.66
356,carnarvon,96,HT,1571642313,77,299.134,1.5,18.28,-73.39
357,cavaillon,97,RU,1571642313,78,274.484,1.91,61.92,63.02
358,bermejillo,75,AO,1571642313,94,298.15,1.79,-6.13,12.37
359,mascote,64,EC,1571642314,90,289.144,1.56,-1.7,-77.97
360,policarpa,93,AO,1571642314,91,292.904,2.94,-9.54,16.35
361,nkoteng,90,US,1571642314,100,288.15,0.64,35.35,-80.2
362,san quintin,41,MV,1571641837,77,300.314,5.26,-0.6,73.08
363,cam pha,0,CL,1571641946,86,276.15,0.5,-45.58,-72.07
364,ust-kamchatsk,20,AU,1571642315,63,290.93,5.7,-43.03,147.26
365,butterworth,75,NO,1571642315,87,280.15,3.1,61.6,5.03
366,saleaula,75,RU,1571641937,92,267.15,6.0,69.49,88.39
367,tiznit,56,PG,1571641910,70,302.504,3.42,-6.22,155.63
368,ailigandi,0,IT,1571642316,77,294.26,1.5,41.45,12.63
369,katete,100,AR,1571642316,80,288.194,1.19,-23.81,-64.79
370,birao,0,PK,1571642316,31,298.564,1.01,34.13,72.47
371,flinders,40,ZA,1571642317,48,291.15,8.7,-34.04,23.05
372,cabo rojo,0,MX,1571642317,55,288.15,0.45,28.39,-105.62
373,perene,75,MY,1571642317,75,305.15,3.6,3.17,113.03
374,sola,0,SA,1571642318,18,306.15,3.1,24.63,46.72
375,svetlogorsk,90,CA,1571641974,87,281.15,2.1,50.1,-91.92
376,lekoni,100,AR,1571641844,95,283.71,0.89,-38.55,-58.74
377,walvis bay,76,CN,1571642318,52,296.174,2.71,28.08,109.56
378,kipini,90,CA,1571642319,87,273.15,1.5,55.1,-105.3
379,vrangel,0,GL,1571641875,54,278.264,4.12,61.99,-49.67
380,georgetown,100,UY,1571642319,97,283.614,2.15,-34.1,-56.21
381,fort frances,90,CA,1571642320,92,272.15,0.59,63.59,-135.9
382,sijunjung,68,NG,1571642320,82,297.804,3.16,12.22,4.38
383,sayat,90,US,1571642320,94,299.82,1.5,27.05,-82.42
384,louisbourg,100,MV,1571642321,74,299.894,3.5,5.44,73.37
385,damietta,0,RU,1571642321,80,268.064,1.59,59.24,163.07
386,lata,14,BD,1571642321,76,302.014,5.49,20.86,92.31
387,pakxan,90,ES,1571642322,100,278.15,2.1,41.31,-4.92
388,aquin,75,BR,1571642322,83,298.15,3.1,-6.09,-35.21
389,agirish,0,RO,1571642322,80,292.04,1.01,45.18,25.67
390,soyo,16,AU,1571642322,81,288.71,0.89,-38.34,143.59
391,krasnoyarsk-45,0,CN,1571642323,32,289.174,2.53,43.11,129.52
392,palora,13,PG,1571642323,74,301.484,3.96,-3.66,152.44
393,malanje,90,CA,1571641988,92,271.15,6.2,70.47,-68.59
394,albemarle,60,PH,1571642323,71,302.474,2.76,8.78,117.42
395,hithadhoo,0,BW,1571642324,16,295.614,6.28,-26.02,22.4
396,coihaique,0,IT,1571642324,77,294.26,1.5,41.98,12.66
397,margate,47,BS,1571641858,86,300.684,4.83,26.54,-77.06
398,floro,75,US,1571642325,69,301.15,3.1,21.47,-158.22
399,talnakh,97,BR,1571642325,95,296.894,0.93,-3.15,-58.36
400,kieta,1,US,1571642325,93,286.48,1.5,36.62,-119.31
401,anzio,42,AU,1571642326,49,297.04,10.3,-25.3,152.85
402,libertador general san martin,1,US,1571642326,66,288.15,1.5,36.62,-121.92
403,swabi,88,VN,1571642326,58,305.994,2.62,10.35,107.08
404,sorvag,90,UA,1571642326,100,283.15,2.68,47.53,35.9
405,knysna,100,AR,1571642327,60,286.944,5.58,-38.72,-62.27
406,lazaro cardenas,90,US,1571642327,100,287.04,2.6,39.41,-74.36
407,bintulu,100,CD,1571642086,99,294.254,1.47,-3.52,23.6
408,riyadh,100,BR,1571642327,97,292.104,0.57,-25.75,-53.06
409,sioux lookout,20,CU,1571642328,94,298.15,1.0,22.41,-79.97
410,necochea,75,JP,1571642328,100,292.15,0.5,35.55,134.82
411,muli,75,RU,1571642328,63,270.15,3.0,54.82,82.85
412,ngukurr,100,AR,1571642329,82,284.064,1.82,-34.9,-60.02
413,la ronge,77,AU,1571642329,16,313.254,6.59,-20.77,117.15
414,paamiut,20,IE,1571642329,94,278.15,3.1,53.65,-6.68
415,florida,87,PH,1571641900,79,302.59,3.13,8.0,124.29
416,mayo,62,ID,1571641911,81,299.154,1.45,-0.87,134.08
417,jega,100,BR,1571642330,97,295.924,2.07,-4.09,-63.14
418,south venice,100,ID,1571642330,39,303.904,2.89,-3.78,103.55
419,naifaru,30,HN,1571642331,80,301.474,7.29,15.8,-84.28
420,ossora,100,IN,1571642331,88,292.434,0.45,27.93,96.16
421,teknaf,100,CN,1571642331,38,292.394,3.02,34.79,109.94
422,medina del campo,78,BD,1571642331,66,300.984,2.55,24.93,89.95
423,nisia floresta,100,CA,1571641976,78,279.82,0.89,50.56,-96.99
424,breaza,100,CA,1571642332,90,280.344,1.01,50.15,-95.88
425,colac,49,ID,1571642332,37,305.874,3.64,-5.32,105.06
426,yilan,90,GF,1571641971,100,296.15,1.36,4.94,-52.33
427,namatanai,0,RO,1571642333,63,292.04,1.05,45.09,25.29
428,clyde river,75,IQ,1571642333,33,304.15,5.1,33.3,44.38
429,panalingaan,40,CU,1571642333,78,299.15,1.5,20.03,-75.83
430,tsabong,0,LY,1571642333,68,291.064,3.63,31.76,14.0
431,santa lucia,20,GH,1571642334,100,297.15,1.5,5.79,0.9
432,canaries,14,NC,1571642334,88,295.744,9.04,-21.35,165.16
433,marsh harbour,1,CN,1571642334,53,287.454,2.18,42.06,126.91
434,makaha,20,ID,1571642334,34,308.15,6.2,-10.16,123.6
435,sao sebastiao,11,JM,1571642335,76,300.714,2.37,17.89,-77.59
436,orange cove,97,ID,1571642335,82,298.574,1.33,-0.23,100.63
437,hervey bay,80,CN,1571642335,93,285.37,0.99,38.42,77.24
438,pacific grove,75,US,1571642336,87,285.93,4.1,41.66,-91.53
439,vung tau,66,BR,1571642336,83,295.834,2.37,-6.37,-44.36
440,mala tokmachka,100,RU,1571641871,94,268.964,10.96,69.38,178.42
441,bahia blanca,89,RU,1571642336,64,273.114,1.8,59.36,143.24
442,brigantine,90,BG,1571642338,100,285.15,2.1,42.51,26.26
443,lodja,48,BS,1571642338,81,300.804,4.45,26.61,-78.36
444,dois vizinhos,0,SE,1571642338,92,265.15,1.0,65.58,22.15
445,santa clara,82,BR,1571642339,75,292.464,2.32,-14.07,-42.48
446,toyooka,99,IN,1571642078,97,290.894,0.75,28.06,95.33
447,leninskoye,39,US,1571642339,47,283.15,6.71,37.17,-99.65
448,chivilcoy,24,TZ,1571642339,66,302.154,1.05,-7.96,38.99
449,roebourne,75,GB,1571642004,70,281.15,5.1,60.15,-1.15
450,navan,1,US,1571642340,43,279.15,1.5,39.76,-105.22
451,vaitupu,0,NA,1571642340,33,289.004,3.07,-26.5,17.16
452,marawi,51,CN,1571642340,48,301.214,1.76,22.76,100.79
453,manokwari,40,AU,1571642341,57,300.93,6.2,-16.92,145.77
454,coari,68,DK,1571642341,100,283.15,1.5,56.11,10.17
455,lahat,33,ET,1571642341,86,290.544,0.51,7.26,36.25
456,barra patuca,84,CG,1571642342,93,294.014,2.02,-2.55,14.76
457,tezu,75,BR,1571642342,77,289.15,2.6,-23.68,-45.44
458,dali,32,ID,1571642342,58,302.464,3.34,-8.63,122.22
459,jamalpur,75,JP,1571642342,100,292.04,2.1,34.27,133.75
460,husavik,0,CN,1571642343,14,288.984,2.57,40.61,115.04
461,pinawa,100,RU,1571642343,98,272.594,1.99,54.43,119.94
462,mataram,100,ID,1571641881,82,299.984,3.64,4.14,96.13
463,cayenne,40,BR,1571642343,100,295.15,1.0,-9.67,-35.74
464,pietrari,67,RU,1571642344,90,268.174,4.22,67.47,78.7
465,baghdad,100,ID,1571642344,84,300.384,6.1,1.74,98.78
466,santiago de cuba,93,GW,1571642344,85,300.564,3.93,11.28,-15.83
467,bani walid,0,AU,1571642344,56,294.26,5.7,-32.72,152.14
468,anloga,90,JP,1571641963,93,291.48,3.1,33.93,134.5
469,poya,0,RU,1571641871,85,263.454,0.87,67.55,63.78
470,wangou,72,BR,1571642345,97,295.834,0.71,-3.7,-45.5
471,kupang,0,CL,1571641841,76,284.15,6.17,-29.95,-71.34
472,bull savanna,35,AU,1571642346,30,308.15,6.7,-20.31,118.58
473,payakumbuh,1,BW,1571642346,14,301.014,3.16,-23.98,23.93
474,shache,90,CA,1571641894,93,282.15,3.1,50.7,-127.42
475,iowa city,96,AU,1571641882,8,305.15,3.1,-25.24,130.99
476,mirador,11,RU,1571642347,69,274.15,1.0,53.05,158.65
477,leningradskiy,92,IN,1571642347,49,302.824,4.35,27.17,84.33
478,okhotsk,0,TZ,1571642347,67,296.874,3.55,-11.3,35.03
479,amderma,96,PG,1571641935,86,298.704,3.14,-10.62,150.67
480,kermen,53,GF,1571642348,98,294.894,0.88,3.17,-52.33
481,freetown,75,JP,1571642348,82,293.15,4.1,35.06,136.67
482,lulea,1,US,1571642348,64,279.82,4.36,40.83,-115.76
483,caetite,17,AU,1571642349,55,295.37,5.1,-31.43,152.91
484,pasighat,0,AU,1571642349,43,298.15,3.1,-34.93,138.6
485,sitka,94,PF,1571641952,76,300.074,2.11,-16.7,-151.02
486,ikwiriri,54,RU,1571642350,83,284.154,3.77,53.06,32.85
487,lerwick,40,IN,1571642350,70,302.15,1.5,23.74,92.72
488,golden,20,PT,1571642350,72,288.15,2.6,37.73,-25.67
489,bethanien,0,IN,1571642351,61,301.15,2.18,30.32,78.03
490,simao,90,MX,1571642351,100,297.59,5.28,20.71,-105.21
491,cairns,75,AT,1571642351,100,287.04,1.0,48.64,13.53
492,holme,20,GB,1571642351,100,278.15,2.1,55.33,-3.44
493,bonga,71,ZA,1571641977,62,287.15,3.6,-31.47,19.78
494,djambala,100,LK,1571642352,76,300.574,2.64,7.42,81.82
495,porto novo,100,BR,1571642352,96,295.574,0.82,-6.22,-57.76
496,maumere,0,CL,1571642353,82,287.15,1.0,-20.22,-70.14
497,tadotsu,100,CN,1571642353,59,293.564,1.85,32.65,110.78
498,xuanhua,100,CN,1571642353,20,291.48,4.46,33.0,112.53
499,tupik,100,RU,1571642354,88,273.714,2.73,63.46,48.9
500,meulaboh,90,BR,1571642354,79,296.684,4.41,-17.73,-39.27
501,maceio,82,SO,1571641959,63,301.754,1.84,5.35,48.53
502,tazovskiy,90,RU,1571642355,100,277.15,3.0,58.13,55.54
503,sibolga,55,MX,1571642355,90,297.244,1.3,16.11,-97.16
504,bubaque,23,NZ,1571641875,80,287.59,8.49,-35.17,173.16
505,nelson bay,20,ES,1571641972,100,282.59,1.5,43.27,-7.54
506,katsuura,87,AR,1571642356,87,285.93,0.89,-33.68,-59.66
507,komsomolskiy,87,GA,1571642356,87,297.584,2.32,-3.44,10.65
508,pimentel,4,ET,1571642357,64,289.004,1.34,8.91,38.62
509,coquimbo,75,NO,1571642357,87,279.15,2.6,62.58,6.12
510,port hedland,60,PE,1571642357,89,291.094,8.32,-4.58,-81.27
511,dutlwe,90,CA,1571641901,70,281.15,0.71,49.76,-94.48
512,port hardy,33,ID,1571641883,39,308.304,1.09,-2.54,115.51
513,yulara,75,US,1571642358,86,277.59,2.43,61.22,-149.89
514,mouzakion,99,MX,1571641992,94,294.484,0.42,18.62,-100.35
515,sekiyado,20,BF,1571642359,94,297.15,1.5,12.19,-1.88
516,petropavlovsk-kamchatskiy,36,PG,1571642359,66,302.144,3.59,-3.55,143.63
517,ramnagar,0,SY,1571642359,58,294.064,2.47,35.3,37.18
518,tingi,82,CN,1571642360,27,291.48,0.45,39.23,106.34
519,samarai,0,IN,1571642360,61,301.15,2.04,30.69,78.49
520,camopi,98,NG,1571641976,95,295.954,0.85,5.43,7.07
521,tayu,93,CD,1571642360,78,297.534,1.76,-2.72,17.69
522,elko,11,RU,1571642361,74,265.114,1.5,64.27,100.22
523,port macquarie,100,NZ,1571642361,78,282.59,1.79,-44.49,171.21
524,adelaide,100,RU,1571642361,98,275.154,2.37,60.74,56.73
525,fare,20,PT,1571642001,72,288.15,2.6,37.72,-25.43
526,sentyabrskiy,63,BR,1571642362,83,295.814,1.78,-9.01,-35.22
527,mglin,0,PL,1571642362,87,287.59,3.1,51.19,22.07
528,aizawl,1,US,1571642362,93,287.15,2.1,37.27,-79.94
529,ponta delgada,98,AU,1571641865,71,290.794,4.61,-34.72,135.86
530,dehra dun,1,PE,1571641870,82,288.71,1.5,-13.71,-76.2
531,ixtapa,0,MZ,1571641985,52,302.244,2.32,-24.71,33.88
532,wanning,100,CA,1571642363,79,279.734,2.06,48.76,-91.62
533,moffat,90,US,1571641897,87,290.15,2.6,34.88,-76.9
534,calvinia,100,JP,1571642364,68,292.59,0.45,36.34,138.77
535,kalmunai,90,BR,1571642364,88,296.15,1.5,-16.28,-39.02
536,tsienyane,1,US,1571642364,79,270.93,2.6,46.84,-105.12
537,jacareacanga,37,HN,1571642365,88,291.104,1.22,14.25,-87.96
538,samusu,0,RU,1571642365,67,288.15,6.0,48.03,40.04
539,iquique,20,DE,1571642365,100,288.15,1.5,48.55,8.72
540,shiyan,1,US,1571642366,100,288.15,2.95,38.2,-84.87
541,nanyang,98,RU,1571642366,65,266.984,3.58,52.15,93.92
542,koslan,20,GD,1571642366,94,298.15,3.09,12.16,-61.73
543,caravelas,99,GH,1571642367,88,298.354,2.59,4.87,-2.24
